{"weight": 65.0, "height": 168.0, "bmi": 23.030045351473927, "category": "Normal weight"}
{"weight": 65.0, "height": 132.0, "bmi": 37.30486685032139, "category": "Obese"}
{"weight": 56.0, "height": 165.0, "bmi": 20.569329660238754, "category": "Normal weight"}
{"weight": 56.0, "height": 156.0, "bmi": 23.011176857330703, "category": "Normal weight"}
{"weight": 56.0, "height": 156.0, "bmi": 23.011176857330703, "category": "Normal weight"}
{"weight": 56.0, "height": 165.0, "bmi": 20.569329660238754, "category": "Normal weight"}
{"weight": 70.0, "height": 180.0, "bmi": 21.604938271604937, "category": "Normal weight"}
{"weight": 100.0, "height": 170.0, "bmi": 34.602076124567475, "category": "Obese"}
{"weight": 65.0, "height": 65.0, "bmi": 19.623233908948194, "category": "Normal weight"}
{"weight": 65.0, "height": 65.0, "bmi": 18.390674513354462, "category": "Underweight"}
{"weight": 73.0, "height": 73.0, "bmi": 22.783308885490467, "category": "Normal weight"}
{"weight": 78.0, "height": 78.0, "bmi": 24.074074074074073, "category": "Normal weight"}
{"weight": 56.0, "height": 56.0, "bmi": 14.284256708499132, "category": "Underweight"}
